term,category,priority
AI in Recruitment,Recruitment,High
Candidate Experience,HR Strategy,High
Data-Driven Hiring,Analytics,Medium
Interview Scorecard,Recruitment Tools,High
Hiring Automation,Recruitment,Medium
Talent Acquisition,HR Strategy,High
HR Tech,Technology,Medium
Recruitment Software,Software,Medium
Applicant Tracking System,Software,Low
Employee Onboarding,HR Operations,Medium
Performance Management,HR Operations,Low
HR Analytics,Analytics,High
Recruiter Productivity,Recruitment,High
Bias Reduction in Hiring,HR Strategy,High
Remote Hiring,Recruitment,Medium
Employer Branding,HR Strategy,Medium
Candidate Sourcing,Recruitment,Medium
Interview Questions,Recruitment Tools,Low
HR Metrics,Analytics,Medium
Workforce Planning,HR Strategy,Low
job description optimization,Recruitment Tools,High
inclusive job descriptions,HR Strategy,High
job ad writing,Recruitment Marketing,Medium
recruitment marketing,Recruitment Marketing,High
talent attraction,HR Strategy,High
new hire checklist,HR Operations,High
employee onboarding,HR Operations,High
onboarding process,HR Operations,Medium
new employee orientation,HR Operations,Medium
performance review phrases,Performance Management,High
employee feedback,Performance Management,High
performance management,Performance Management,Medium
review templates,Performance Management,Medium
constructive criticism,Performance Management,Medium
leadership development,HR Strategy,Low
salary estimator,Compensation,High
salary calculator,Compensation,High
compensation benchmark,Compensation,Medium
HR compensation tools,Compensation,Medium
job salary,Compensation,High
fair pay,Compensation,Medium
recruitment ROI,Recruitment Analytics,High
HR metrics,Recruitment Analytics,High
talent acquisition analytics,Recruitment Analytics,Medium
hiring cost calculator,Recruitment Analytics,Medium
recruitment budget,Recruitment Analytics,Medium
employee turnover cost,HR Analytics,High
retention strategies,HR Strategy,High
cost of turnover,HR Analytics,Medium
employee retention,HR Strategy,High
HR policy template,HR Compliance,High
workplace policy,HR Compliance,Medium
compliance tools,HR Compliance,High
employee handbook,HR Compliance,Medium
employee engagement survey,HR Analytics,High
HR survey questions,HR Analytics,Medium
employee satisfaction,HR Analytics,High
feedback tools,HR Operations,Medium
workplace culture,HR Strategy,Medium
construction change order,Construction,High
change order management,Construction,High
construction cost calculator,Construction,Medium
project cost control,Construction,Medium
construction project management,Construction,Medium
site engineer tools,Construction,High
contractor tools,Construction,High
construction daily report,Construction,High
daily progress report,Construction,High
DPR format,Construction,Medium
construction log template,Construction,Medium
site management tools,Construction,High
construction documentation,Construction,Medium
project tracking,Construction,Medium
construction cost estimate,Construction,High
project cost calculator,Construction,High
building cost estimator,Construction,Medium
construction budget,Construction,Medium
contractor estimating software,Construction,Medium
construction finance,Construction,Low
project planning tools,Construction,Medium
